epsilon,Mdot_over_MdotBHL,log_Mdot_over_Mdot0
0,nan,nan
5,16.560458452143585,1.5098023944488885
20,25.462690590302625,1.696634331773949
500,85.4315341723792,2.2223482444813136
