epsilon,Mdot_over_MdotBHL,log_Mdot_over_Mdot0
0,5.788773180440053,1.2272924130422365
5,9.696502169765813,1.4513209789319654
20,14.632339866655489,1.630019659939181
500,48.433032094539406,2.1498475383638174
