epsilon,Mdot_over_MdotBHL,log_Mdot_over_Mdot0
0,5.68672173123157,1.2195678573658308
5,9.359767196303116,1.4359709267062002
20,14.08547833966915,1.6134774800721592
500,46.62610470153956,2.1333350145348153
