epsilon,Mdot_over_MdotBHL,log_Mdot_over_Mdot0
0,1.3178402646819884,1.6884990084879983
5,1.7902820003383255,1.8215576810916652
20,2.0714578646132122,1.8849123396099694
500,5.061849225026987,2.272945440726069
