epsilon,Mdot_over_MdotBHL,log_Mdot_over_Mdot0
0,2.602926612745141,1.3185519107181136
5,3.6698906724258453,1.4677431136229435
20,5.231814188126458,1.621742298282095
500,15.754783825945507,2.1005024355147777
