epsilon,Mdot_over_MdotBHL,log_Mdot_over_Mdot0
0,1.8125872841658937,1.4521189549799132
5,2.443144972895703,1.5817692641973204
20,3.2872266120254334,1.7106496701524463
500,9.112573110401318,2.1534610517115804
500,9.112573110401318,2.1534610517115804
