epsilon,Mdot_over_MdotBHL,log_Mdot_over_Mdot0
0,3.830075432746461,1.2487535762649344
5,5.883934434104959,1.435214073498534
20,8.684870332693974,1.6043095875543651
500,27.811029165673563,2.109763309367412
