epsilon,Mdot_over_MdotBHL,log_Mdot_over_Mdot0
0,1.7064745693042787,1.425919846616052
5,2.452957330755147,1.5835100197264693
20,3.2874998004706177,1.71068576115514
500,9.111337775920076,2.1534021731368687
500,9.111337775920076,2.1534021731368687
