epsilon,Mdot_over_MdotBHL,log_Mdot_over_Mdot0
0,3.7759593904279227,1.2425735637632616
5,5.89570238493394,1.436081801067228
20,8.689161290376322,1.6045241076291348
500,27.81238842838796,2.109784534970655
