epsilon,Mdot_over_MdotBHL,log_Mdot_over_Mdot0
0,9.36897768826222,1.262422243725323
5,16.543487381084237,1.509357103534271
20,25.455069003017424,1.696504317674646
500,85.32248589178647,2.2217935392633277
