epsilon,Mdot_over_MdotBHL,log_Mdot_over_Mdot0
0,2.4283813343154512,0.6760469250456391
5,0.0,0.0
20,0.0,0.0
500,-2335.2489121835715,nan
