epsilon,N_grid,Mdot_over_MdotBHL,log_Mdot_over_Mdot0
20,100,4.663321409413714
20,200,3.6704669677950044
20,300,3.664302244051456
20,400,3.6616741684462877
