epsilon,r_min/r_acc,Mdot_over_MdotBHL,log_Mdot_over_Mdot0
20,0.4,8.69135698830112
20,0.5,8.686377720967501
20,0.6,8.689830446979697
