epsilon,r_max/r_acc,Mdot_over_MdotBHL,log_Mdot_over_Mdot0
20,10,8.6883926525736
20,12.5,9.11144857240704
20,15,9.674716431812714
20,20,11.11185932834273
