epsilon,r_max/r_acc,Mdot_over_MdotBHL,log_Mdot_over_Mdot0
0,10,2.5248423646447375
0,12.5,2.704045486567188
0,15,2.840909949019316
0,20,3.285951119878324
