epsilon,r_max/r_acc,Mdot_over_MdotBHL,log_Mdot_over_Mdot0
20,10,4.279862340842645
20,12.5,4.273921231965587
20,15,4.2725039532703155
20,20,4.293545601586512
